{
  "dataset": "wikitext-103-raw-v1",
  "split": "test",
  "max_samples": 10,
  "num_texts": 10,
  "results": [
    {
      "name": "bpe-qwen (Rust)",
      "total_texts": 10,
      "encode_times": [
        3.04199056699872e-06,
        0.0001947090495377779,
        0.00010487495455890894,
        9.791983757168055e-06,
        6.129097891971469e-05,
        6.35830219835043e-05,
        8.141598664224148e-05,
        5.415990017354488e-06,
        7.191702025011182e-05,
        7.645803270861506e-05
      ],
      "decode_times": [
        7.800001185387373e-05,
        0.00010745803592726588,
        4.479096969589591e-05,
        1.125037670135498e-06,
        2.667016815394163e-06,
        2.7458008844405413e-05,
        2.59590451605618e-05,
        1.667009200900793e-06,
        2.845900598913431e-05,
        3.3916032407432795e-05
      ],
      "token_counts": [
        7,
        202,
        222,
        6,
        18,
        163,
        231,
        14,
        220,
        269
      ],
      "total_chars": 5542,
      "total_tokens": 1352
    },
    {
      "name": "HuggingFace (Python)",
      "total_texts": 10,
      "encode_times": [
        1.695897663012147e-05,
        0.0004189580213278532,
        0.0002553749945946038,
        2.1332991309463978e-05,
        3.674998879432678e-05,
        0.00020462501561269164,
        0.0002582920133136213,
        3.208295674994588e-05,
        0.0004545000265352428,
        0.000371375004760921
      ],
      "decode_times": [
        3.620801726356149e-05,
        3.8792029954493046e-05,
        3.337505040690303e-05,
        4.708999767899513e-06,
        6.709014996886253e-06,
        2.5666027795523405e-05,
        3.729201853275299e-05,
        6.083049811422825e-06,
        4.429102409631014e-05,
        5.037500523030758e-05
      ],
      "token_counts": [
        7,
        202,
        222,
        6,
        18,
        163,
        231,
        14,
        220,
        269
      ],
      "total_chars": 5542,
      "total_tokens": 1352
    }
  ]
}