{
  "dataset": "wikitext-103-raw-v1",
  "split": "test",
  "max_samples": 10,
  "num_texts": 10,
  "results": [
    {
      "name": "bpe-qwen (Rust)",
      "total_texts": 10,
      "encode_times": [
        2.04198295250535e-06,
        0.00018791703041642904,
        0.00011200003791600466,
        7.166992872953415e-06,
        1.775001874193549e-05,
        8.42920271679759e-05,
        8.750002598389983e-05,
        6.08398113399744e-06,
        7.933302549645305e-05,
        9.941600728780031e-05
      ],
      "decode_times": [
        2.475001383572817e-05,
        0.00011449999874457717,
        5.416700150817633e-05,
        1.2919772416353226e-06,
        2.2500171326100826e-06,
        3.32500203512609e-05,
        3.320799442008138e-05,
        1.9579892978072166e-06,
        2.8458016458898783e-05,
        4.370900569483638e-05
      ],
      "token_counts": [
        7,
        202,
        222,
        6,
        18,
        163,
        231,
        14,
        220,
        269
      ],
      "total_chars": 5542,
      "total_tokens": 1352
    },
    {
      "name": "HuggingFace (Python)",
      "total_texts": 10,
      "encode_times": [
        1.8457998521625996e-05,
        0.00046120898332446814,
        0.00034262501867488027,
        4.012504359707236e-05,
        4.9875001423060894e-05,
        0.0002360409707762301,
        0.000350083049852401,
        7.266696775332093e-05,
        0.0004284169990569353,
        0.0003852079971693456
      ],
      "decode_times": [
        4.5707973185926676e-05,
        4.037498729303479e-05,
        4.7290988732129335e-05,
        8.040980901569128e-06,
        8.166010957211256e-06,
        2.9582995921373367e-05,
        5.7792000006884336e-05,
        1.491600414738059e-05,
        5.83329820074141e-05,
        4.841701593250036e-05
      ],
      "token_counts": [
        7,
        202,
        222,
        6,
        18,
        163,
        231,
        14,
        220,
        269
      ],
      "total_chars": 5542,
      "total_tokens": 1352
    }
  ]
}