{
  "dataset": "wikitext-103-raw-v1",
  "split": "test",
  "max_samples": 10,
  "num_texts": 10,
  "results": [
    {
      "name": "bpe-qwen (Rust)",
      "total_texts": 10,
      "encode_times": [
        3.2919924706220627e-06,
        0.00010900001507252455,
        7.712497608736157e-05,
        3.7499703466892242e-06,
        1.7832964658737183e-05,
        0.000112209003418684,
        0.00010912498692050576,
        6.499991286545992e-06,
        7.091602310538292e-05,
        8.754199370741844e-05
      ],
      "decode_times": [
        1.9000028260052204e-05,
        0.00010858301538974047,
        4.758400609716773e-05,
        1.125037670135498e-06,
        2.4999608285725117e-06,
        6.429199129343033e-05,
        3.845803439617157e-05,
        2.500019036233425e-06,
        2.9708025977015495e-05,
        3.995897714048624e-05
      ],
      "token_counts": [
        7,
        202,
        222,
        6,
        18,
        163,
        231,
        14,
        220,
        269
      ],
      "total_chars": 5542,
      "total_tokens": 1352
    },
    {
      "name": "HuggingFace (Python)",
      "total_texts": 10,
      "encode_times": [
        1.7250014934688807e-05,
        0.00046541698975488544,
        0.00028841698076575994,
        2.3917004000395536e-05,
        3.933400148525834e-05,
        0.00020887504797428846,
        0.00026933400658890605,
        2.866698196157813e-05,
        0.0002630419912748039,
        0.00033045798772946
      ],
      "decode_times": [
        3.7416990380734205e-05,
        3.904104232788086e-05,
        3.56250093318522e-05,
        5.082983989268541e-06,
        7.0420210249722e-06,
        2.662499900907278e-05,
        3.591697895899415e-05,
        6.041955202817917e-06,
        3.4167023841291666e-05,
        4.058296326547861e-05
      ],
      "token_counts": [
        7,
        202,
        222,
        6,
        18,
        163,
        231,
        14,
        220,
        269
      ],
      "total_chars": 5542,
      "total_tokens": 1352
    }
  ]
}